{
  "cameraRes": [
    1280,
    720
  ],
  "cameraMatrix": [
    [
      935.0980055139777,
      0.0,
      322.07454128241227
    ],
    [
      0.0,
      803.6845094688756,
      664.6037287345604
    ],
    [
      0.0,
      0.0,
      1.0
    ]
  ],
  "distortion": [
    [
      0.060209579732628596,
      -0.08320184073489917,
      -0.019252051988563692,
      0.2887101839701408,
      -1.0140331673058358
    ]
  ]
}