{
  "cameraRes": [
    640,
    480
  ],
  "cameraMatrix": [
    [
      436.4638774375384,
      0.0,
      279.1833003308865
    ],
    [
      0.0,
      931.8230817729115,
      309.9859565455337
    ],
    [
      0.0,
      0.0,
      1.0
    ]
  ],
  "distortion": [
    [
      -0.12766554658602725,
      4.131936900969454,
      -0.03485241566767853,
      -0.2608901369162421,
      -4.954963130080711
    ]
  ]
}